OBJECTID,ZIPCODE,WEB_URL,NAME,TYPE,LABEL,ZIP_CODE_TEXT,SE_ANNO_CAD_DATA,GIS_ID,GLOBALID,CREATED,EDITED,SHAPE_Length,SHAPE_Area
493,20375,https://www.usps.com/,NAVAL RESEARCH LABRATORY,UNIQUE,20375,20375,,ZIP_375,{BFD6C6F5-474D-4DC9-9B19-04F432F777F8},2022/10/14 17:56:15+00,2022/10/14 17:56:15+00,4422.6767111915,816514.28605181
494,20376,https://www.usps.com/,NAVAL SEA SYSTEMS COMMAND,UNIQUE,20376,20376,,ZIP_376,{5E511CBA-4D90-4C0B-B6B6-5C5F6C0C549A},2022/10/14 17:56:15+00,2022/10/14 17:56:15+00,1539.27414543417,66833.1910406358
495,20388,https://www.usps.com/,NAVY CRIMINAL INVESTIGATIVE SERVICE,UNIQUE,20388,20388,,ZIP_388,{8A167D45-C7D9-43E7-A042-A9870CCBE48C},2022/10/14 17:56:15+00,2022/10/14 17:56:15+00,445.868120656304,11505.6642231659
496,20390,https://www.usps.com/,WASHINGTON NAVY YARD,UNIQUE,20390,20390,,ZIP_390,{FB575F92-3CAA-4A58-9B49-C77CAA9C1D2A},2022/10/14 17:56:15+00,2022/10/14 17:56:15+00,850.894380065481,18340.7958365057
497,20223,https://www.usps.com/, ,UNIQUE,20223,20223,,ZIP_223,{DD225711-6A3B-4FE2-92F9-88A7396D97F4},2022/10/14 17:56:15+00,2022/10/14 17:56:15+00,1781.62327232732,61384.3457830977
498,20224,https://www.usps.com/,INTERNAL REVENUE SERVICE,UNIQUE,20224,20224,,ZIP_224,{D30AABD4-51EC-4280-93D8-38FB2010AD73},2022/10/14 17:56:15+00,2022/10/14 17:56:15+00,1009.98380415957,40762.2138042915
499,20226,https://www.usps.com/,INTERNAL REVENUE SERVICE,UNIQUE,20226,20226,,ZIP_226,{B3EC7873-2B06-41D2-8418-C0CFAFF9D109},2022/10/14 17:56:15+00,2022/10/14 17:56:15+00,314.11668399464,5084.23710974816
500,20226,https://www.usps.com/,INTERNAL REVENUE SERVICE,UNIQUE,20226,20226,,ZIP_226,{1A967DF6-BE3B-4DB4-AEF9-592367EB7966},2022/10/14 17:56:15+00,2022/10/14 17:56:15+00,64.9768003599509,261.233411527192
501,20227,https://www.usps.com/,TREASURY FINANCIAL MANAGEMENT SERVICE,UNIQUE,20227,20227,,ZIP_227,{7BA068DC-3AF2-4B9A-A3A2-ADCFE94E0D2F},2022/10/14 17:56:15+00,2022/10/14 17:56:15+00,462.786730633312,5960.87303204379
502,20228,https://www.usps.com/,BUREAU OF ENGRAVING AND PRINTING,UNIQUE,20228,20228,,ZIP_228,{FCB80854-032C-4777-AD28-117546079307},2022/10/14 17:56:15+00,2022/10/14 17:56:15+00,1257.94097345931,45035.3331290509
503,20229,https://www.usps.com/,U.S. CUSTOMS SERVICE,UNIQUE,20229,20229,,ZIP_229,{378A7219-F939-48B9-BC6E-F6821EC2BF80},2022/10/14 17:56:15+00,2022/10/14 17:56:15+00,622.918584689334,9759.96584372289
504,20230,https://www.usps.com/,DEPARTMENT OF COMMERCE,UNIQUE,20230,20230,,ZIP_230,{49BCFDA6-7315-4ACD-ADCE-0C49B9E21D45},2022/10/14 17:56:15+00,2022/10/14 17:56:15+00,834.826019358761,38413.8062734439
505,20237,https://www.usps.com/,BROADCASTING BOARD OF GOVERNORS,UNIQUE,20237,20237,,ZIP_237,{7A6FC20A-B5C3-4DE6-87B7-55F2B10118F1},2022/10/14 17:56:15+00,2022/10/14 17:56:15+00,599.930685782855,22475.756576176
506,20239,https://www.usps.com/,BUREAU OF PUBLIC DEBT,UNIQUE,20239,20239,,ZIP_239,{383BF246-7FDF-4699-8D76-1E54789F59EA},2022/10/14 17:56:15+00,2022/10/14 17:56:15+00,47.615201829647,140.707054348347
507,20001,https://www.usps.com/, ,STANDARD,20001,20001,,ZIP_001,{F80FAAA3-EF75-4B33-BB9D-6DBA86FEE489},2022/10/14 17:56:15+00,2022/10/14 17:56:15+00,29109.7906026395,8879783.41721092
508,20002,https://www.usps.com/, ,STANDARD,20002,20002,,ZIP_002,{41A62D76-B336-4112-9F34-00ED5C913C8A},2022/10/14 17:56:15+00,2022/10/14 17:56:15+00,34575.3809308465,22250229.7751487
509,20003,https://www.usps.com/, ,STANDARD,20003,20003,,ZIP_003,{4E0F7424-9D96-4034-8A5F-7D4CE6EE10E5},2022/10/14 17:56:15+00,2022/10/14 17:56:15+00,26025.8053000057,11761703.7583329
510,20004,https://www.usps.com/, ,STANDARD,20004,20004,,ZIP_004,{905DB73D-E903-49F7-B559-B52021D7237A},2022/10/14 17:56:15+00,2022/10/14 17:56:15+00,29163.2880950893,6654950.33013871
511,20005,https://www.usps.com/, ,STANDARD,20005,20005,,ZIP_005,{8B02552B-6166-46BD-B372-C5C152CFBC9C},2022/10/14 17:56:15+00,2022/10/14 17:56:15+00,10979.8005074867,1882260.34908501
512,20006,https://www.usps.com/, ,STANDARD,20006,20006,,ZIP_006,{E3F9E90A-FD80-44B1-87CF-6A525AA5853C},2022/10/14 17:56:15+00,2022/10/14 17:56:15+00,13195.1801087605,1166134.8991208
513,20007,https://www.usps.com/, ,STANDARD,20007,20007,,ZIP_007,{C03EB9A0-06BA-4068-B9C2-7EAC9B88ABC6},2022/10/14 17:56:15+00,2022/10/14 17:56:15+00,27257.2309485816,15143767.4222453
514,20008,https://www.usps.com/, ,STANDARD,20008,20008,,ZIP_008,{46649767-293E-4F07-A797-4E5147CBCA3B},2022/10/14 17:56:15+00,2022/10/14 17:56:15+00,30918.9359434319,14792984.9144683
515,20009,https://www.usps.com/, ,STANDARD,20009,20009,,ZIP_009,{3BD91A84-01F9-4B0E-99FA-C134B613AB7D},2022/10/14 17:56:15+00,2022/10/14 17:56:15+00,15624.0044842231,5766756.29296703
516,20010,https://www.usps.com/, ,STANDARD,20010,20010,,ZIP_010,{E839BA10-8A3B-4AC8-981D-681FDE3B5320},2022/10/14 17:56:15+00,2022/10/14 17:56:15+00,15595.4692677222,4474403.6930002
517,20011,https://www.usps.com/, ,STANDARD,20011,20011,,ZIP_011,{F4269EAF-56E1-49D4-9DF4-E23142F475C3},2022/10/14 17:56:15+00,2022/10/14 17:56:15+00,32138.5996394523,24514662.1472212
518,20012,https://www.usps.com/, ,STANDARD,20012,20012,,ZIP_012,{81D7C8BD-6B31-4C51-A226-596318BB3BCA},2022/10/14 17:56:15+00,2022/10/14 17:56:15+00,18067.8488727464,9217108.33520274
519,20013,https://www.usps.com/,NATIONAL CAPITOL POST OFFICE,POST OFFICE BOX,20013,20013,,ZIP_013,{69DEF1F8-5A10-4A05-9A82-50BADA260714},2022/10/14 17:56:15+00,2022/10/14 17:56:15+00,132.212598343432,1016.31185213858
520,20015,https://www.usps.com/, ,STANDARD,20015,20015,,ZIP_015,{A4445CEF-87E6-4827-8C4A-CB73651F7B68},2022/10/14 17:56:15+00,2022/10/14 17:56:15+00,21076.6466999556,13516708.9833512
521,20016,https://www.usps.com/, ,STANDARD,20016,20016,,ZIP_016,{D1FE94E2-9B3B-44A9-A943-364400C06D61},2022/10/14 17:56:15+00,2022/10/14 17:56:15+00,26706.9534529438,19415507.4944919
522,20017,https://www.usps.com/, ,STANDARD,20017,20017,,ZIP_017,{A999C3AA-D736-4652-87FB-3BB860397421},2022/10/14 17:56:15+00,2022/10/14 17:56:15+00,23825.2450454757,9394465.88854628
523,20018,https://www.usps.com/, ,STANDARD,20018,20018,,ZIP_018,{CA6E03A3-FFCA-43C1-BD4B-8453D9065FF9},2022/10/14 17:56:15+00,2022/10/14 17:56:15+00,22601.3390206291,12683959.6676385
524,20019,https://www.usps.com/, ,STANDARD,20019,20019,,ZIP_019,{B90BDDBF-7F4B-44DF-A870-9B6B623EBC3C},2022/10/14 17:56:15+00,2022/10/14 17:56:15+00,27432.3455027756,27747452.960231
525,20020,https://www.usps.com/, ,STANDARD,20020,20020,,ZIP_020,{6695C4E8-A10B-4EA6-BD59-1AFF32D38092},2022/10/14 17:56:15+00,2022/10/14 17:56:15+00,23858.6910259332,19795806.1216339
526,20593,https://www.usps.com/, ,STANDARD,20593,20593,,ZIP_593,{0DF19A03-8978-431C-8647-22A149DDAA55},2022/10/14 17:56:15+00,2022/10/14 17:56:15+00,3289.47715951698,456736.422734415
527,20024,https://www.usps.com/, ,STANDARD,20024,20024,,ZIP_024,{96F87B83-7288-4D91-9B7E-109DE5DABCEF},2022/10/14 17:56:15+00,2022/10/14 17:56:15+00,418.811662769994,9947.70269860038
528,20024,https://www.usps.com/, ,STANDARD,20024,20024,,ZIP_024,{7729CB88-9C3B-49A6-B438-2FB300823DAA},2022/10/14 17:56:15+00,2022/10/14 17:56:15+00,31011.2467579234,9837637.60933463
529,20536,https://www.usps.com/,DEPARTMENT OF VETERAN AFFAIRS OFFICE OF HEALTHCARE INSPECTIONS,UNIQUE,20536,20536,,ZIP_536,{D2C0A806-FE63-4013-925A-B926B9BC6456},2022/10/14 17:56:15+00,2022/10/14 17:56:15+00,76.6516988927354,362.417100395345
530,20026,https://www.usps.com/,L'ENFANT PLAZA POST OFFICE,POST OFFICE BOX,20026,20026,,ZIP_026,{02F0EE47-A327-40E3-89CB-2E6005756E21},2022/10/14 17:56:15+00,2022/10/14 17:56:15+00,306.057149234684,1710.38122721904
531,20030,https://www.usps.com/,ANACOSTIA POST OFFICE BOX,POST OFFICE BOX,20030,20030,,ZIP_030,{15D5A98C-FBBC-46E8-B2FD-19A2FB5FAA6E},2022/10/14 17:56:15+00,2022/10/14 17:56:15+00,58.3604708424971,202.256756851293
532,20240,https://www.usps.com/,DEPARTMENT OF THE INTERIOR,UNIQUE,20240,20240,,ZIP_240,{B22FD291-6469-4CA3-BC3B-10C16890299F},2022/10/14 17:56:15+00,2022/10/14 17:56:15+00,2084.50932623157,78696.3046597166
533,20242,https://www.usps.com/,NATIONAL PARK SERVICE,UNIQUE,20242,20242,,ZIP_242,{93B0D90C-9F0D-4B3C-BE45-E60D3E04F708},2022/10/14 17:56:15+00,2022/10/14 17:56:15+00,1801.41827919929,75705.0641495488
534,20245,https://www.usps.com/,OFFICE OF SURFACE MINING,UNIQUE,20245,20245,,ZIP_245,{714C0B31-72F8-460F-AFAB-0F8539E4E206},2022/10/14 17:56:15+00,2022/10/14 17:56:15+00,397.184551366959,9348.95745646786
535,20250,https://www.usps.com/,DEPARTMENT OF AGRICULTURE,UNIQUE,20250,20250,,ZIP_250,{6EE12DF8-2AFD-4860-97B7-F9EBE8E9BDC7},2022/10/14 17:56:15+00,2022/10/14 17:56:15+00,1310.34731903946,97526.9801332471
536,20254,https://www.usps.com/,SOCIAL SECURITY ADMINISTRATION,UNIQUE,20254,20254,,ZIP_254,{71BBFC0A-8A7B-4025-9E6C-F29FE93ACE6A},2022/10/14 17:56:15+00,2022/10/14 17:56:15+00,62.2997782673627,237.406062037405
537,20260,https://www.usps.com/,UNITED STATES POSTAL SERVICE,UNIQUE,20260,20260,,ZIP_260,{0837447B-329C-4852-9394-D365433AD895},2022/10/14 17:56:15+00,2022/10/14 17:56:15+00,1154.372762749,21079.5921428765
538,20261,https://www.usps.com/,UNITED STATES POSTAL SERVICE,UNIQUE,20261,20261,,ZIP_261,{7D6AE8C0-B675-4EFA-8BAF-F46D9641DD6B},2022/10/14 17:56:15+00,2022/10/14 17:56:15+00,62.3770371689639,243.060904996984
539,20268,https://www.usps.com/,POSTAL REGULATORY COMMISSION,UNIQUE,20268,20268,,ZIP_268,{D92C74A4-FC22-467E-9C02-7ECEDA2DB399},2022/10/14 17:56:15+00,2022/10/14 17:56:15+00,69.333703399492,299.591110680452
540,20392,https://www.usps.com/,US NAVAL OBSERVATORY,UNIQUE,20392,20392,,ZIP_392,{719C2593-5051-4028-84E2-F3974D52AA57},2022/10/14 17:56:15+00,2022/10/14 17:56:15+00,3152.94754919015,479230.930925284
541,20398,https://www.usps.com/,MILITARY SEALIFT COMMAND,UNIQUE,20398,20398,,ZIP_398,{7F026374-1E71-4377-B9A8-4029F2A749FD},2022/10/14 17:56:15+00,2022/10/14 17:56:15+00,267.993062546221,3571.74806314381
542,20401,https://www.usps.com/,US GOVERNMENT PRINTING OFFICE,UNIQUE,20401,20401,,ZIP_401,{364C4FA6-1BB7-475A-A272-7EDDB3875229},2022/10/14 17:56:15+00,2022/10/14 17:56:15+00,783.241894503528,14748.2812240794
543,20402,https://www.usps.com/,US GOVERNMENT PRINTING OFFICE,UNIQUE,20402,20402,,ZIP_402,{B6F4EACE-09EB-4513-A5D9-E4515045C8A7},2022/10/14 17:56:15+00,2022/10/14 17:56:15+00,79.2880004614757,383.36235240247
544,20403,https://www.usps.com/,US GOVERNMENT PRINTING OFFICE,UNIQUE,20403,20403,,ZIP_403,{B9F18339-4409-49EF-AA08-382F611CD5DC},2022/10/14 17:56:15+00,2022/10/14 17:56:15+00,91.2427752840656,507.15665518155
545,20052,https://www.usps.com/,GEORGE WASHINGTON UNIVERSITY,UNIQUE,20052,20052,,ZIP_052,{C237DCBB-9748-4A0B-B9C1-8DE2940C59A0},2022/10/14 17:56:15+00,2022/10/14 17:56:15+00,6190.62503915268,270275.357196233
546,20056,https://www.usps.com/,T STREET POST OFFICE BOX,POST OFFICE BOX,20056,20056,,ZIP_056,{BAF2CD34-455F-4E29-B766-A38481167A1E},2022/10/14 17:56:15+00,2022/10/14 17:56:15+00,27.7747447324848,35.020512941073
547,20057,https://www.usps.com/,GEORGETOWN UNIVERSITY,UNIQUE,20057,20057,,ZIP_057,{BBFAF289-C69A-4742-9CFB-96E657D9FE8E},2022/10/14 17:56:15+00,2022/10/14 17:56:15+00,3044.31636217198,471000.3251158
548,20057,https://www.usps.com/,GEORGETOWN UNIVERSITY,UNIQUE,20057,20057,,ZIP_057,{E7C1154B-0B74-4E98-BE24-B7A845D8BF06},2022/10/14 17:56:15+00,2022/10/14 17:56:15+00,133.941702697728,1092.02618680671
549,20059,https://www.usps.com/,HOWARD UNIVERSITY,UNIQUE,20059,20059,,ZIP_059,{7253828B-F52F-4212-929A-9293CE99257D},2022/10/14 17:56:15+00,2022/10/14 17:56:15+00,4328.95086229909,475987.750509524
550,20060,https://www.usps.com/,HOWARD UNIVERSITY HOSPITAL,UNIQUE,20060,20060,,ZIP_060,{1789C7C9-60E8-44D6-81DA-8FD325D22E0D},2022/10/14 17:56:15+00,2022/10/14 17:56:15+00,1127.87925827292,72433.2359863791
551,20062,https://www.usps.com/,CHAMBER OF COMMERCE,UNIQUE,20062,20062,,ZIP_062,{64117041-731F-495B-877F-502D7CC0FD9E},2022/10/14 17:56:15+00,2022/10/14 17:56:15+00,292.461076081688,5255.96494758778
552,20064,https://www.usps.com/,CATHOLIC UNIVERSITY OF AMERICA,UNIQUE,20064,20064,,ZIP_064,{1E4C7B06-E53F-4389-8DAC-5EAAAE6437C2},2022/10/14 17:56:15+00,2022/10/14 17:56:15+00,4467.97244724482,629314.73358004
553,20201,https://www.usps.com/,DEPT OF HEALTH AND HUMAN SERVICES,UNIQUE,20201,20201,,ZIP_201,{F87AD3ED-6AA2-43F5-8725-F2EBAA4BC0F7},2022/10/14 17:56:15+00,2022/10/14 17:56:15+00,1376.82931706587,69108.5224549139
554,20202,https://www.usps.com/,DEPARTMENT OF EDUCATION,UNIQUE,20202,20202,,ZIP_202,{CD6DC936-662F-45F3-B9B1-6AA829EF326F},2022/10/14 17:56:15+00,2022/10/14 17:56:15+00,687.369838946088,25907.1965229828
555,20208,https://www.usps.com/,NATIONAL INSTITUTE OF EDUCATION,UNIQUE,20208,20208,,ZIP_208,{AE04F0EB-3566-4D46-A1AB-214280AAB32D},2022/10/14 17:56:15+00,2022/10/14 17:56:15+00,26.4339604007427,41.4703197215745
556,20210,https://www.usps.com/,DEPARTMENT OF LABOR,UNIQUE,20210,20210,,ZIP_210,{9E4C0F8A-F718-4218-81A2-34BB154F9B04},2022/10/14 17:56:15+00,2022/10/14 17:56:15+00,82.255841593765,418.678677818031
557,20211,https://www.usps.com/,DEPARTMENT OF LABOR,UNIQUE,20211,20211,,ZIP_211,{37D8BA48-3E73-4A01-9531-5306843CB77B},2022/10/14 17:56:15+00,2022/10/14 17:56:15+00,87.7627998572256,480.964151933527
558,20212,https://www.usps.com/,BUREAU OF LABOR STATISTICS,UNIQUE,20212,20212,,ZIP_212,{458138E6-42E6-4FDE-8498-8C430B380BBB},2022/10/14 17:56:15+00,2022/10/14 17:56:15+00,114.039400511585,797.436136833073
559,20213,https://www.usps.com/,MANPOWER ADMINISTRATION,UNIQUE,20213,20213,,ZIP_213,{17A95003-109F-440B-88C6-EA3B62243F31},2022/10/14 17:56:15+00,2022/10/14 17:56:15+00,74.3497009563566,343.773852612433
560,20215,https://www.usps.com/,PAY AUDIT DIVISION,UNIQUE,20215,20215,,ZIP_215,{475A38EA-B187-45A2-938D-3539EE289929},2022/10/14 17:56:15+00,2022/10/14 17:56:15+00,69.6295733710319,299.719960254086
561,20216,https://www.usps.com/,LABOR MANAGEMENT ADMIN.,UNIQUE,20216,20216,,ZIP_216,{F51FBF97-5673-4177-9A44-C4846EA7839B},2022/10/14 17:56:15+00,2022/10/14 17:56:15+00,80.9065780223935,390.524414113416
562,20217,https://www.usps.com/,U.S. TAX COURT,UNIQUE,20217,20217,,ZIP_217,{50C7B353-9BEE-404F-A160-ED4323471A63},2022/10/14 17:56:15+00,2022/10/14 17:56:15+00,533.69295537417,14429.0887799672
563,20220,https://www.usps.com/,DEPARTMENT OF THE TREASURY,UNIQUE,20220,20220,,ZIP_220,{FC96ADD0-8FA1-44A4-9003-D20EDA291FEE},2022/10/14 17:56:15+00,2022/10/14 17:56:15+00,59.2445222442237,218.977138975011
564,20221,https://www.usps.com/,INTERNAL REVENUE SERVICE,UNIQUE,20221,20221,,ZIP_221,{32728570-D655-4F75-9F3E-F331D3977787},2022/10/14 17:56:15+00,2022/10/14 17:56:15+00,132.58660646581,1093.05988774096
565,20221,https://www.usps.com/,INTERNAL REVENUE SERVICE,UNIQUE,20221,20221,,ZIP_221,{5D2F5774-132B-4FAA-B05C-EDD97B608BC7},2022/10/14 17:56:15+00,2022/10/14 17:56:15+00,64.3419682176631,255.445729477937
566,20222,https://www.usps.com/,INTERNAL REVENUE SERVICE,UNIQUE,20222,20222,,ZIP_222,{AE8762A7-2CAB-4362-801B-8F68EEE010D2},2022/10/14 17:56:15+00,2022/10/14 17:56:15+00,309.608019013363,3624.14928039455
567,20036,https://www.usps.com/, ,STANDARD,20036,20036,,ZIP_036,{1F2E2638-02AC-43C4-BA5A-007039FD0D8F},2022/10/14 17:56:15+00,2022/10/14 17:56:15+00,7528.60027437348,1406499.23548237
568,20037,https://www.usps.com/, ,STANDARD,20037,20037,,ZIP_037,{C6DDBD62-3F56-44B1-90CA-D4DEBA627856},2022/10/14 17:56:15+00,2022/10/14 17:56:15+00,20842.5546263225,3205595.66194237
569,20039,https://www.usps.com/,LAMOND-RIGGS POST OFFICE,POST OFFICE BOX,20039,20039,,ZIP_039,{68AC75EA-3BB3-4BBB-AF58-6BBB58272329},2022/10/14 17:56:15+00,2022/10/14 17:56:15+00,46.6653429149904,86.4847184477623
570,20040,https://www.usps.com/,BRIGHTWOOD POST OFFICE,POST OFFICE BOX,20040,20040,,ZIP_040,{23633401-7907-4035-85D6-AEE4542405D2},2022/10/14 17:56:15+00,2022/10/14 17:56:15+00,36.7539214402191,57.4499762218259
571,20043,https://www.usps.com/,MARTIN LUTHER KING JR POST OFFICE,POST OFFICE BOX,20043,20043,,ZIP_043,{3FE22F94-D651-47CA-AF53-5F5DE0E38382},2022/10/14 17:56:15+00,2022/10/14 17:56:15+00,45.0592984008787,126.836141281377
572,20045,https://www.usps.com/,NATIONAL PRESS BUILDING,UNIQUE,20045,20045,,ZIP_045,{A7E9170B-DAD8-4B18-B853-483EA8EDB78C},2022/10/14 17:56:15+00,2022/10/14 17:56:15+00,344.869698686445,6511.0176048103
573,20049,https://www.usps.com/,AARP,UNIQUE,20049,20049,,ZIP_049,{85E9C632-4E11-4F61-A278-8336420DABDA},2022/10/14 17:56:15+00,2022/10/14 17:56:15+00,138.571588913682,1143.43915825829
574,20314,https://www.usps.com/,US ARMY CORPS OF ENGINEERS,UNIQUE,20314,20314,,ZIP_314,{B39586C8-7B2B-4C62-866D-D048FCA53A22},2022/10/14 17:56:15+00,2022/10/14 17:56:15+00,191.128603131851,2282.21789298282
575,20317,https://www.usps.com/,ARMED FORCES RETIREMENT HOME,UNIQUE,20317,20317,,ZIP_317,{0922D88C-E542-48EE-86AF-B4F87D1E48A9},2022/10/14 17:56:15+00,2022/10/14 17:56:15+00,75.2759329438705,349.064082811126
576,20319,https://www.usps.com/,FORT LESLIE J. MCNAIR,UNIQUE,20319,20319,,ZIP_319,{DFBEBF62-171D-4E2F-9CD8-050072770986},2022/10/14 17:56:15+00,2022/10/14 17:56:15+00,5097.98790542598,298068.867444528
577,20340,https://www.usps.com/,BOLLING AIR FORCE BASE,UNIQUE,20340,20340,,ZIP_340,{39874035-1512-40F6-AA40-45ED9C078583},2022/10/14 17:56:15+00,2022/10/14 17:56:15+00,2472.00923907728,365493.911589227
578,20372,https://www.usps.com/,NAVY BUREAU OF MEDICINE AND SURGERY,UNIQUE,20372,20372,,ZIP_372,{EA92A5B6-E947-47EF-8B15-92EF5FDBDE29},2022/10/14 17:56:15+00,2022/10/14 17:56:15+00,1512.39830152616,59632.5123907833
579,20373,https://www.usps.com/,ANACOSTIA NAVAL ANNEX,UNIQUE,20373,20373,,ZIP_373,{3EDF62A8-5877-4A85-A0CA-288DF87AE537},2022/10/14 17:56:15+00,2022/10/14 17:56:15+00,8434.64341428508,1894637.85906064
580,20404,https://www.usps.com/,GOVERNMENT PRINTING OFFICE PROCUREMENT,UNIQUE,20404,20404,,ZIP_404,{88CEB6C8-AEBD-4530-9ECE-610731363C89},2022/10/14 17:56:15+00,2022/10/14 17:56:15+00,81.4146657715444,398.483440745556
581,20405,https://www.usps.com/,GENERAL SERVICES ADMINISTRATION,UNIQUE,20405,20405,,ZIP_405,{245254F1-4CD7-40AA-BECA-0EBF003C1A27},2022/10/14 17:56:15+00,2022/10/14 17:56:15+00,780.671510242774,33331.0132496777
582,20407,https://www.usps.com/,GENERAL SERVICES ADMINISTRATION,UNIQUE,20407,20407,,ZIP_407,{266382DC-E34B-49F3-B69F-618E4E1C2122},2022/10/14 17:56:15+00,2022/10/14 17:56:15+00,91.0159989697032,483.948041686728
583,20408,https://www.usps.com/,NATIONAL ARCHIVES,UNIQUE,20408,20408,,ZIP_408,{5C122008-E2C9-4E65-9875-B1720A025251},2022/10/14 17:56:15+00,2022/10/14 17:56:15+00,904.124307887285,49123.704062083
584,20410,https://www.usps.com/,DEPARTMENT OF HOUSING AND URBAN DEVELOPMENT,UNIQUE,20410,20410,,ZIP_410,{7BD21481-031E-438F-A282-CFBD88479D6A},2022/10/14 17:56:15+00,2022/10/14 17:56:15+00,1120.820661931,44607.2155979821
585,20411,https://www.usps.com/,FEDERAL HOUSING ADMINISTRATION,UNIQUE,20411,20411,,ZIP_411,{01F1DC40-B203-4250-B352-ADF7D983544D},2022/10/14 17:56:15+00,2022/10/14 17:56:15+00,95.3617029990795,559.410394205414
586,20412,https://www.usps.com/,FEDERAL HOUSING ADMINISTRATION,UNIQUE,20412,20412,,ZIP_412,{01C68246-B569-4274-8137-C4BA546DD785},2022/10/14 17:56:15+00,2022/10/14 17:56:15+00,97.9402850994591,582.808343668884
587,20415,https://www.usps.com/,OFFICE OF PERSONNEL MANAGEMENT,UNIQUE,20415,20415,,ZIP_415,{8F431D99-6DFE-415D-AD91-8898D6E135F7},2022/10/14 17:56:15+00,2022/10/14 17:56:15+00,813.397469932999,35253.1738245152
588,20374,https://www.usps.com/,WASHINGTON NAVY YARD,UNIQUE,20374,20374,,ZIP_374,{4406C4A3-4544-4FBF-8D19-049ED46A48B9},2022/10/14 17:56:15+00,2022/10/14 17:56:15+00,5425.59647474131,434706.583211371
589,20032,https://www.usps.com/, ,STANDARD,20032,20032,,ZIP_032,{C58D10CB-BA1D-4879-B877-7B907D7A0FFE},2022/10/14 17:56:15+00,2022/10/14 17:56:15+00,30310.6652616785,21928068.4807459
590,20572,https://www.usps.com/,NATIONAL MEDIATION BOARD,UNIQUE,20572,20572,,ZIP_572,{108F0B55-DE48-472F-8A84-5773B515A300},2022/10/14 17:56:15+00,2022/10/14 17:56:15+00,45.1764363556064,126.965707662517
591,20573,https://www.usps.com/,FEDERAL MARITIME COMMISSION,UNIQUE,20573,20573,,ZIP_573,{EE77E4FF-29DB-4CE0-8D6E-DC5FCA4E7848},2022/10/14 17:56:15+00,2022/10/14 17:56:15+00,93.6967005034197,542.987167425874
592,20577,https://www.usps.com/,INTERAMERICAN DEVELOPMENT BANK,UNIQUE,20577,20577,,ZIP_577,{2CB81B00-8B5C-43B0-9EA8-1DE696366E4F},2022/10/14 17:56:15+00,2022/10/14 17:56:15+00,464.062991324318,12079.3545498857
593,20580,https://www.usps.com/,FEDERAL TRADE COMMISSION,UNIQUE,20580,20580,,ZIP_580,{76CD34BC-3F14-4A17-81A2-28D02F06182D},2022/10/14 17:56:15+00,2022/10/14 17:56:15+00,730.848763788293,30773.7896419086
594,20581,https://www.usps.com/,COMMODITY FUTURES TRADING COMMISSION,UNIQUE,20581,20581,,ZIP_581,{E7E5DA45-8951-4D46-BCCD-555F9DF7FF29},2022/10/14 17:56:15+00,2022/10/14 17:56:15+00,161.922434478014,1618.95166887626
595,20585,https://www.usps.com/,VARIOUS FEDERAL AGENCIES,UNIQUE,20585,20585,,ZIP_585,{B60658BF-70A4-41B9-AA5B-067BDBB34728},2022/10/14 17:56:15+00,2022/10/14 17:56:15+00,539.63209129181,8819.24669736179
596,20590,https://www.usps.com/,US DEPARTMENT OF TRANSPORTATION,UNIQUE,20590,20590,,ZIP_590,{B60AA020-304D-4494-BA79-2CD8D6EC0BBC},2022/10/14 17:56:15+00,2022/10/14 17:56:15+00,559.637082327545,18799.9136531321
597,20591,https://www.usps.com/,FEDERAL AVIATION ADMINISTRATION,UNIQUE,20591,20591,,ZIP_591,{84025F0E-D3B0-4151-9F18-942846C90F63},2022/10/14 17:56:15+00,2022/10/14 17:56:15+00,983.139267812721,40675.4203366093
598,20594,https://www.usps.com/,FEDERAL AVIATION ADMINISTRATION,UNIQUE,20594,20594,,ZIP_594,{7E6D1643-894B-4376-8FB5-E12912EC78BA},2022/10/14 17:56:15+00,2022/10/14 17:56:15+00,76.0436030909307,358.829941714599
599,20597,https://www.usps.com/, ,STANDARD,20597,20597,,ZIP_597,{4F018F91-E555-4DB1-82B8-FA2AAB547F4F},2022/10/14 17:56:15+00,2022/10/14 17:56:15+00,730.045049624953,30554.4728039583
600,20416,https://www.usps.com/,SMALL BUSINESS ADMINISTRATION,UNIQUE,20416,20416,,ZIP_416,{2CB67537-9F1E-4C79-9B07-28E9C0AAA93A},2022/10/14 17:56:15+00,2022/10/14 17:56:15+00,123.119978252646,924.638581514313
601,20418,https://www.usps.com/,NATIONAL ACADEMY OF SCIENCES,UNIQUE,20418,20418,,ZIP_418,{5EB7214D-1E2B-4F10-8EAC-D06A302668EB},2022/10/14 17:56:15+00,2022/10/14 17:56:15+00,884.990736431815,48633.8409106517
602,20419,https://www.usps.com/,MERIT SYSTEMS PROTECTION BOARD,UNIQUE,20419,20419,,ZIP_419,{F5139F59-7145-486A-8A7B-8A63CED0312C},2022/10/14 17:56:15+00,2022/10/14 17:56:15+00,64.6895407819204,252.419657680545
603,20420,https://www.usps.com/,DEPARTMENT OF VETERANS AFFAIRS,UNIQUE,20420,20420,,ZIP_420,{11CF5FF9-9935-4F40-9A4A-E6CF42CDEA2E},2022/10/14 17:56:15+00,2022/10/14 17:56:15+00,452.214316331535,8992.02666270586
604,20422,https://www.usps.com/,VETERANS HOSPITAL,UNIQUE,20422,20422,,ZIP_422,{A79057C8-4903-4D6D-9F25-D70F13DB4D10},2022/10/14 17:56:15+00,2022/10/14 17:56:15+00,2317.9963958576,272020.343905342
605,20423,https://www.usps.com/,SURFACE TRANSPORTATION BOARD,UNIQUE,20423,20423,,ZIP_423,{E03B52BD-85D4-4A15-83CF-2715F8D61CB4},2022/10/14 17:56:15+00,2022/10/14 17:56:15+00,75.6837013520212,356.855927038556
606,20425,https://www.usps.com/,U.S. COMMISSION ON CIVIL RIGHTS,UNIQUE,20425,20425,,ZIP_425,{9E0F67DB-C420-4440-B13B-3CB8D936B1CA},2022/10/14 17:56:15+00,2022/10/14 17:56:15+00,66.0536024026697,272.264225433819
607,20426,https://www.usps.com/,FEDERAL REGULATORY ENERGY COMMISSION,UNIQUE,20426,20426,,ZIP_426,{13EF66D4-213C-42CE-A85F-C149BD9F5EC0},2022/10/14 17:56:15+00,2022/10/14 17:56:15+00,72.2021080873893,325.150585767805
608,20427,https://www.usps.com/,FEDERAL MEDIATION & COUNSEL SERVICE,UNIQUE,20427,20427,,ZIP_427,{4314B86F-C2D8-4EB8-9898-4D06529E8666},2022/10/14 17:56:15+00,2022/10/14 17:56:15+00,168.263579955053,1676.99535076947
609,20429,https://www.usps.com/,FEDERAL DEPOSIT INSURANCE CORPORATION,UNIQUE,20429,20429,,ZIP_249,{29E49335-0AEF-4C78-BAB2-3FC63506EF49},2022/10/14 17:56:15+00,2022/10/14 17:56:15+00,60.8845113634068,231.10887394897
610,20431,https://www.usps.com/,INTERNATIONAL MONETARY FUND,UNIQUE,20431,20431,,ZIP_431,{62C107A5-3B17-4D1F-BB1D-13320DCFB921},2022/10/14 17:56:15+00,2022/10/14 17:56:15+00,1033.45729956983,34727.9229833905
611,20433,https://www.usps.com/,WORLD BANK,UNIQUE,20433,20433,,ZIP_433,{84432637-01F1-4E5F-8CD2-AC3F9665754E},2022/10/14 17:56:15+00,2022/10/14 17:56:15+00,1484.65036015028,40465.065214388
612,20436,https://www.usps.com/,INTERNATIONAL TRADE COMMISSION,UNIQUE,20436,20436,,ZIP_436,{A324EDF1-4E72-4E7F-AB5B-1965DE2C8A87},2022/10/14 17:56:15+00,2022/10/14 17:56:15+00,77.8773016268007,373.87866531686
613,20437,https://www.usps.com/,UN FOOD AND AGRICULTURAL ORGANIZATION,UNIQUE,20437,20437,,ZIP_437,{120A4C5C-935F-4723-A767-383C16DDCA9C},2022/10/14 17:56:15+00,2022/10/14 17:56:15+00,516.119997906722,11201.0334707821
614,20439,https://www.usps.com/,UNITED STATES COURT OF APPEALS FOR THE FEDERAL CIRCUIT,UNIQUE,20439,20439,,ZIP_439,{B9FA4676-A1B8-4A11-AA61-1509C54E272F},2022/10/14 17:56:15+00,2022/10/14 17:56:15+00,481.026533698473,12610.402477573
615,20440,https://www.usps.com/,INTERNATIONAL JOINT COMMISSION,UNIQUE,20440,20440,,ZIP_440,{69E7844D-1648-405F-8758-0A1BB72BA39D},2022/10/14 17:56:15+00,2022/10/14 17:56:15+00,78.4763066611611,346.804396671594
616,20441,https://www.usps.com/,INTER AMERICAN DEFENSE BOARD,UNIQUE,20441,20441,,ZIP_441,{45FCA056-CD94-4015-8FF9-7B0FFC83BF0E},2022/10/14 17:56:15+00,2022/10/14 17:56:15+00,412.350631671904,8784.16640670645
617,20442,https://www.usps.com/,COURT OF MILITARY APPEALS,UNIQUE,20442,20442,,ZIP_442,{B753F0DA-5FB4-4699-8723-482F65D452F4},2022/10/14 17:56:15+00,2022/10/14 17:56:15+00,361.490242252429,8221.68523257424
618,20444,https://www.usps.com/,TENNESSEE VALLEY AUTHORITY,UNIQUE,20444,20444,,ZIP_444,{01E47306-5C56-422D-8F9C-86B102B309F7},2022/10/14 17:56:15+00,2022/10/14 17:56:15+00,48.0160770215501,143.469310114951
619,20451,https://www.usps.com/,ARMS CONTROL AND DISARMAMENT AGENCY,UNIQUE,20451,20451,,ZIP_451,{2356D4F2-FFCB-445F-A5FC-D40E3D1117E5},2022/10/14 17:56:15+00,2022/10/14 17:56:15+00,661.791037653578,18038.9940013501
620,20460,https://www.usps.com/,ENVIROMENTAL PROTECTION AGENCY,UNIQUE,20460,20460,,ZIP_460,{12A60210-7A01-4E8E-BAFC-DC845BFC13A4},2022/10/14 17:56:15+00,2022/10/14 17:56:15+00,140.70732897131,606.387255875774
621,20463,https://www.usps.com/,BUREAU OF PUBLIC DEBT,UNIQUE,20463,20463,,ZIP_463,{94D2BAB6-1C47-4083-9D05-1C27C844F724},2022/10/14 17:56:15+00,2022/10/14 17:56:15+00,314.309815435219,3168.03851322211
622,20472,https://www.usps.com/,FEDERAL EMERGENCY MANAGEMENT AGENCY,UNIQUE,20472,20472,,ZIP_472,{727D31DA-2106-44BC-B252-D461C79EC7D9},2022/10/14 17:56:15+00,2022/10/14 17:56:15+00,155.366004576786,730.931956812189
623,20500,https://www.usps.com/,WHITE HOUSE,UNIQUE,20500,20500,,ZIP_500,{89D56347-9331-4031-8982-014E92D55972},2022/10/14 17:56:15+00,2022/10/14 17:56:15+00,1011.66359699819,37614.6284657409
624,20501,https://www.usps.com/,WHITE HOUSE,UNIQUE,20501,20501,,ZIP_501,{917292D5-B62D-4BC9-9627-C5EA9AB97F5A},2022/10/14 17:56:15+00,2022/10/14 17:56:15+00,62.6848154463521,243.118329789246
625,20502,https://www.usps.com/,WHITE HOUSE PRESIDENT'S OFFICE,UNIQUE,20502,20502,,ZIP_502,{66158999-A91B-4DCE-B68F-12812B8AD7D6},2022/10/14 17:56:15+00,2022/10/14 17:56:15+00,56.5195071984195,199.515803119966
626,20503,https://www.usps.com/,OFFICE OF MANAGEMENT AND BUDGET,UNIQUE,20503,20503,,ZIP_503,{9C2EF358-37B7-484D-BF36-84B32A7EB487},2022/10/14 17:56:15+00,2022/10/14 17:56:15+00,521.782954787854,2702.90015549834
627,20505,https://www.usps.com/,CENTRAL INTELLIGENCE AGENCY,UNIQUE,20505,20505,,ZIP_505,{78BAF42B-91FD-46EC-A928-2884F095886C},2022/10/14 17:56:15+00,2022/10/14 17:56:15+00,178.510187618229,1943.49713938081
628,20506,https://www.usps.com/,EXECUTIVE OFFICE OTHER ORGANIZATIONS,UNIQUE,20506,20506,,ZIP_506,{1E6F1139-A300-4DF7-9942-6812B8FF0043},2022/10/14 17:56:15+00,2022/10/14 17:56:15+00,441.645534263521,6705.47183641816
629,20507,https://www.usps.com/,EQUAL EMPLOYMENT OPPORTUNITY COMMISSION,UNIQUE,20507,20507,,ZIP_507,{A37F15C3-91EA-433D-BA03-C40EACEFF4D9},2022/10/14 17:56:15+00,2022/10/14 17:56:15+00,35.8732298172853,80.4206496157035
630,20508,https://www.usps.com/,UNITED STATES TRADE REPRESENATIVE,UNIQUE,20508,20508,,ZIP_508,{A78A6456-1B97-4E3B-B848-7ACBA2DB248A},2022/10/14 17:56:15+00,2022/10/14 17:56:15+00,360.712570878149,4858.40833159928
631,20509,https://www.usps.com/,EXECUTIVE OFFICE OF THE PRESIDENT,UNIQUE,20509,20509,,ZIP_509,{EB8BED4C-2CE3-4E55-A5C7-B1F523879024},2022/10/14 17:56:15+00,2022/10/14 17:56:15+00,722.335264457861,23496.370963482
632,20510,https://www.usps.com/,UNITED STATES SENATE,UNIQUE,20510,20510,,ZIP_510,{AB46F482-0886-44ED-9EC9-A8FC024EF46F},2022/10/14 17:56:15+00,2022/10/14 17:56:15+00,530.251926735653,8766.83296550765
633,20515,https://www.usps.com/,UNITED STATES HOUSE OF REPRESENTATIVES,UNIQUE,20515,20515,,ZIP_515,{9CECA145-464C-4910-9F9B-62F92941CF0E},2022/10/14 17:56:15+00,2022/10/14 17:56:15+00,2170.9501626304,158662.898300876
634,20520,https://www.usps.com/,STATE DEPARTMENT,UNIQUE,20520,20520,,ZIP_520,{6D58F6E0-3A05-47EA-865C-FB0EEC268A32},2022/10/14 17:56:15+00,2022/10/14 17:56:15+00,1661.59861285651,77717.5024265595
635,20521,https://www.usps.com/,OFFICE OF PUBLIC DIPLOMACY AND PUBLIC AFFAIRS,UNIQUE,20521,20521,,ZIP_521,{1E9C0D22-E707-4329-A73F-5CBA220E071E},2022/10/14 17:56:15+00,2022/10/14 17:56:15+00,257.843267712881,4171.81310092344
636,20522,https://www.usps.com/,STATE DEPARTMENT,UNIQUE,20522,20522,,ZIP_522,{0966BD01-FECB-49FB-876B-0C689D4D1890},2022/10/14 17:56:15+00,2022/10/14 17:56:15+00,104.912560817926,686.984907374434
637,20523,https://www.usps.com/,DEPARTMENT OF STATE INTERNATIONAL DIVISION,UNIQUE,20523,20523,,ZIP_523,{B3ED5925-34FD-4FFE-A81C-58326CDFA9C9},2022/10/14 17:56:15+00,2022/10/14 17:56:15+00,112.554502000226,791.361046871945
638,20524,https://www.usps.com/,PASSPORT OFFICE DC,UNIQUE,20524,20524,,ZIP_524,{B3504BD9-6C30-4058-81CC-3752AB3FB253},2022/10/14 17:56:15+00,2022/10/14 17:56:15+00,48.4063054216793,144.301265460583
639,20526,https://www.usps.com/,PEACE CORPS,UNIQUE,20526,20526,,ZIP_526,{2D36809E-8590-41BF-85CA-38A9143D951F},2022/10/14 17:56:15+00,2022/10/14 17:56:15+00,67.5121384353046,278.428463144729
640,20527,https://www.usps.com/,OVERSEAS PRIVATE INVESTMENT CORPORATION,UNIQUE,20527,20527,,ZIP_527,{D7FF3D81-01D4-4A25-873B-E992BE786851},2022/10/14 17:56:15+00,2022/10/14 17:56:15+00,49.6411980240279,153.76765623616
641,20528,https://www.usps.com/,DEPARTMENT OF HOMELAND SECURITY,UNIQUE,20528,20528,,ZIP_528,{382E795E-B4FD-4185-979A-C782953D5F55},2022/10/14 17:56:15+00,2022/10/14 17:56:15+00,2193.18420271218,222279.472992541
642,20529,https://www.usps.com/,U.S CITIZENSHIP AND IMMIGRATION SERVICES,UNIQUE,20529,20529,,ZIP_529,{97D64E1F-DDA5-48CF-A4FD-5CF0B8BC6CF8},2022/10/14 17:56:15+00,2022/10/14 17:56:15+00,295.528367423205,2508.91252674861
643,20530,https://www.usps.com/,DEPARTMENT OF JUSTICE,UNIQUE,20530,20530,,ZIP_530,{4BDFB477-7394-4B62-BD4B-E86BC685DED3},2022/10/14 17:56:15+00,2022/10/14 17:56:15+00,1177.26418373406,46560.0757685786
644,20534,https://www.usps.com/,BUREAU OF PRISONS,UNIQUE,20534,20534,,ZIP_534,{5C7AB923-CD88-45BE-8D05-9791F6E84098},2022/10/14 17:56:15+00,2022/10/14 17:56:15+00,520.087633488479,12343.3848398678
645,20535,https://www.usps.com/,FEDERAL BUREAU OF INVESTIGATION,UNIQUE,20535,20535,,ZIP_535,{31B8CCFE-124F-42C4-BC4F-93EA77064609},2022/10/14 17:56:15+00,2022/10/14 17:56:15+00,1370.5304559513,59431.8674145286
646,20540,https://www.usps.com/,LIBRARY OF CONGRESS,UNIQUE,20540,20540,,ZIP_540,{E13C259F-FB77-4973-B704-92123A65288B},2022/10/14 17:56:15+00,2022/10/14 17:56:15+00,1275.73380142149,56814.794793907
647,20542,https://www.usps.com/,LIBRARY OF CONGRESS - TAYLOR ST ANNEX,UNIQUE,20542,20542,,ZIP_542,{34F58E2E-0816-498D-8DA6-68B7AFC8157C},2022/10/14 17:56:15+00,2022/10/14 17:56:15+00,388.579838959291,7997.42742037908
648,20543,https://www.usps.com/,US SUPREME COURT,UNIQUE,20543,20543,,ZIP_543,{75404641-A3D7-4019-B099-CD911D4167C2},2022/10/14 17:56:15+00,2022/10/14 17:56:15+00,1059.125307882,62907.6318811426
649,20544,https://www.usps.com/,ADMINSTRATION OFFICE OF THE US COURTS,UNIQUE,20544,20544,,ZIP_544,{A36A721E-9BD8-44B6-B7A9-0EA96D761893},2022/10/14 17:56:15+00,2022/10/14 17:56:15+00,95.5000030845424,569.856594524681
650,20546,https://www.usps.com/,NASA,UNIQUE,20546,20546,,ZIP_546,{EED6CA6F-A247-4D21-B5DD-8F6CE0B120E2},2022/10/14 17:56:15+00,2022/10/14 17:56:15+00,621.875780167161,15221.0475593348
651,20547,https://www.usps.com/, ,STANDARD,20547,20547,,ZIP_547,{F92A12E5-6DA9-4DCD-ADCE-5817220A48E6},2022/10/14 17:56:15+00,2022/10/14 17:56:15+00,216.613691705051,2459.21634655056
652,20548,https://www.usps.com/,GENERAL ACCOUNTING OFFICE,UNIQUE,20548,20548,,ZIP_548,{261D10D7-4D8D-439C-9C4B-9D271C077688},2022/10/14 17:56:15+00,2022/10/14 17:56:15+00,909.948656542998,40470.3332657505
653,20549,https://www.usps.com/,SECURITIES AND EXCHANGE COMMISSION,UNIQUE,20549,20549,,ZIP_549,{933D2716-61B7-4DE0-8CD7-0F998F7640AF},2022/10/14 17:56:15+00,2022/10/14 17:56:15+00,351.407472264177,6601.64982652499
654,20551,https://www.usps.com/,FEDERAL RESERVE BOARD,UNIQUE,20551,20551,,ZIP_551,{A70E31C0-27B1-420A-8A3E-AD16C61A5978},2022/10/14 17:56:15+00,2022/10/14 17:56:15+00,790.173839472856,38853.8294772546
655,20552,https://www.usps.com/,OFFICE OF THRIFT SUPERVISION,UNIQUE,20552,20552,,ZIP_552,{36AC7A5D-A299-43C4-8932-E65CC725E5E9},2022/10/14 17:56:15+00,2022/10/14 17:56:15+00,101.282202273594,609.898993158835
656,20553,https://www.usps.com/,FEDERAL AVIATION ADMINISTRATION,UNIQUE,20553,20553,,ZIP_553,{03B826A1-A6E9-4A39-9921-9E04AC3E0CD4},2022/10/14 17:56:15+00,2022/10/14 17:56:15+00,84.6467099555346,447.58691777593
657,20554,https://www.usps.com/,FEDERAL COMMUNICATIONS COMMISSION,UNIQUE,20554,20554,,ZIP_554,{33AFCE6B-C1C4-41DC-BECE-6C1B77807514},2022/10/14 17:56:15+00,2022/10/14 17:56:15+00,291.254078479994,5396.30945268199
658,20557,https://www.usps.com/,LIBRARY OF CONGRESS,UNIQUE,20557,20557,,ZIP_557,{1EC7CADD-8BAA-447D-AD69-F2683425BD55},2022/10/14 17:56:15+00,2022/10/14 17:56:15+00,118.323101354224,871.235245451557
659,20559,https://www.usps.com/,US COPYRIGHT OFFICE,UNIQUE,20559,20559,,ZIP_559,{4798D2CC-E768-468D-AD77-52CFF876F65C},2022/10/14 17:56:15+00,2022/10/14 17:56:15+00,175.739800170621,1929.87010723696
660,20560,https://www.usps.com/,SMITHSONIAN INSTITUTION,UNIQUE,20560,20560,,ZIP_560,{BE24CF5E-9681-4C17-975B-02ED5900BF5E},2022/10/14 17:56:15+00,2022/10/14 17:56:15+00,1648.4578058158,73601.9133235451
661,20565,https://www.usps.com/,NATIONAL GALLERY OF ART,UNIQUE,20565,20565,,ZIP_565,{613B1D4C-6113-4B7B-9614-AF755AFA9598},2022/10/14 17:56:15+00,2022/10/14 17:56:15+00,1872.44186659517,152128.056201989
662,20566,https://www.usps.com/,JOHN F KENNEDY CENTER,UNIQUE,20566,20566,,ZIP_566,{9770912D-C5B1-4F7A-8B9C-CF53EC08BFA6},2022/10/14 17:56:15+00,2022/10/14 17:56:15+00,1038.37957990808,56448.7865566542
663,20570,https://www.usps.com/,NATIONAL LABOR RELATIONS BOARD,UNIQUE,20570,20570,,ZIP_570,{12C62801-51F0-4DA9-82F2-0BCE215053CF},2022/10/14 17:56:15+00,2022/10/14 17:56:15+00,45.2849027257923,126.644246425519
664,20571,https://www.usps.com/,EXPORT IMPORT BANK,UNIQUE,20571,20571,,ZIP_571,{C0B260A1-CB66-49E6-BA01-9FE6DF7A2DF0},2022/10/14 17:56:15+00,2022/10/14 17:56:15+00,335.385701945954,4376.12299330747
